{
    "name": "root",
    "gauges": {
        "Lion.Policy.Entropy.mean": {
            "value": 1.4176138639450073,
            "min": 1.4176138639450073,
            "max": 1.4176857471466064,
            "count": 4
        },
        "Lion.Policy.Entropy.sum": {
            "value": 14244.18359375,
            "min": 11341.486328125,
            "max": 14267.58984375,
            "count": 4
        },
        "Lion.Policy.ExtrinsicValueEstimate.mean": {
            "value": 0.7010536193847656,
            "min": 0.5388795137405396,
            "max": 0.7010536193847656,
            "count": 4
        },
        "Lion.Policy.ExtrinsicValueEstimate.sum": {
            "value": 56.08428955078125,
            "min": 30.71613121032715,
            "max": 56.08428955078125,
            "count": 4
        },
        "Lion.Environment.EpisodeLength.mean": {
            "value": 999.0,
            "min": 999.0,
            "max": 999.0,
            "count": 4
        },
        "Lion.Environment.EpisodeLength.sum": {
            "value": 7992.0,
            "min": 7992.0,
            "max": 7992.0,
            "count": 4
        },
        "Lion.Environment.CumulativeReward.mean": {
            "value": 3.8982052486389875,
            "min": 0.0,
            "max": 4.585630597546697,
            "count": 4
        },
        "Lion.Environment.CumulativeReward.sum": {
            "value": 31.1856419891119,
            "min": 0.0,
            "max": 36.68504478037357,
            "count": 4
        },
        "Lion.Policy.ExtrinsicReward.mean": {
            "value": 3.8982052486389875,
            "min": 0.0,
            "max": 4.585630597546697,
            "count": 4
        },
        "Lion.Policy.ExtrinsicReward.sum": {
            "value": 31.1856419891119,
            "min": 0.0,
            "max": 36.68504478037357,
            "count": 4
        },
        "Lion.IsTraining.mean": {
            "value": 1.0,
            "min": 1.0,
            "max": 1.0,
            "count": 4
        },
        "Lion.IsTraining.sum": {
            "value": 1.0,
            "min": 1.0,
            "max": 1.0,
            "count": 4
        },
        "Lion.Losses.PolicyLoss.mean": {
            "value": 0.02005481832117463,
            "min": 0.02005481832117463,
            "max": 0.02005481832117463,
            "count": 1
        },
        "Lion.Losses.PolicyLoss.sum": {
            "value": 0.02005481832117463,
            "min": 0.02005481832117463,
            "max": 0.02005481832117463,
            "count": 1
        },
        "Lion.Losses.ValueLoss.mean": {
            "value": 0.02592427811274926,
            "min": 0.02592427811274926,
            "max": 0.02592427811274926,
            "count": 1
        },
        "Lion.Losses.ValueLoss.sum": {
            "value": 0.02592427811274926,
            "min": 0.02592427811274926,
            "max": 0.02592427811274926,
            "count": 1
        },
        "Lion.Policy.LearningRate.mean": {
            "value": 0.00027277056907648,
            "min": 0.00027277056907648,
            "max": 0.00027277056907648,
            "count": 1
        },
        "Lion.Policy.LearningRate.sum": {
            "value": 0.00027277056907648,
            "min": 0.00027277056907648,
            "max": 0.00027277056907648,
            "count": 1
        },
        "Lion.Policy.Epsilon.mean": {
            "value": 0.19092352000000004,
            "min": 0.19092352000000004,
            "max": 0.19092352000000004,
            "count": 1
        },
        "Lion.Policy.Epsilon.sum": {
            "value": 0.19092352000000004,
            "min": 0.19092352000000004,
            "max": 0.19092352000000004,
            "count": 1
        },
        "Lion.Policy.Beta.mean": {
            "value": 0.004547083647999999,
            "min": 0.004547083647999999,
            "max": 0.004547083647999999,
            "count": 1
        },
        "Lion.Policy.Beta.sum": {
            "value": 0.004547083647999999,
            "min": 0.004547083647999999,
            "max": 0.004547083647999999,
            "count": 1
        }
    },
    "metadata": {
        "timer_format_version": "0.1.0",
        "start_time_seconds": "1618246928",
        "python_version": "3.9.0 (tags/v3.9.0:9cf6752, Oct  5 2020, 15:34:40) [MSC v.1927 64 bit (AMD64)]",
        "command_line_arguments": "C:\\Users\\chadf\\AppData\\Local\\Programs\\Python\\Python39\\Scripts\\mlagents-learn ./trainer_config_upgrade.yaml --run-id hb01 --resume",
        "mlagents_version": "0.25.0",
        "mlagents_envs_version": "0.25.0",
        "communication_protocol_version": "1.5.0",
        "pytorch_version": "1.8.1+cpu",
        "numpy_version": "1.19.2",
        "end_time_seconds": "1618247029"
    },
    "total": 100.71330800000001,
    "count": 1,
    "self": 0.00701379999999574,
    "children": {
        "run_training.setup": {
            "total": 0.17923570000000022,
            "count": 1,
            "self": 0.17923570000000022
        },
        "TrainerController.start_learning": {
            "total": 100.52705850000001,
            "count": 1,
            "self": 0.14065099999974962,
            "children": {
                "TrainerController._reset_env": {
                    "total": 17.2632569,
                    "count": 1,
                    "self": 17.2632569
                },
                "TrainerController.advance": {
                    "total": 82.87890610000025,
                    "count": 5147,
                    "self": 0.0625582000001117,
                    "children": {
                        "env_step": {
                            "total": 82.81634790000014,
                            "count": 5147,
                            "self": 74.52557589999965,
                            "children": {
                                "SubprocessEnvManager._take_step": {
                                    "total": 8.226462200000128,
                                    "count": 5147,
                                    "self": 0.32212360000004736,
                                    "children": {
                                        "TorchPolicy.evaluate": {
                                            "total": 7.904338600000081,
                                            "count": 5147,
                                            "self": 1.4080029000000849,
                                            "children": {
                                                "TorchPolicy.sample_actions": {
                                                    "total": 6.496335699999996,
                                                    "count": 5147,
                                                    "self": 6.496335699999996
                                                }
                                            }
                                        }
                                    }
                                },
                                "workers": {
                                    "total": 0.06430980000035547,
                                    "count": 5146,
                                    "self": 0.0,
                                    "children": {
                                        "worker_root": {
                                            "total": 82.85651629999991,
                                            "count": 5146,
                                            "is_parallel": true,
                                            "self": 16.035305999999665,
                                            "children": {
                                                "steps_from_proto": {
                                                    "total": 0.0004598000000015645,
                                                    "count": 1,
                                                    "is_parallel": true,
                                                    "self": 0.0001566000000003953,