{"count":1,"self":42.205968,"total":43.039999699999996,"children":{"AgentSendState":{"count":1767,"self":0.0760125,"total":0.11102029999999999,"children":{"CollectObservations":{"count":1416,"self":0.029006499999999998,"total":0.029006499999999998,"children":null},"CollectDiscreteActionMasks":{"count":1416,"self":0.0060012999999999993,"total":0.0060012999999999993,"children":null}}},"DecideAction":{"count":1767,"self":0.5830152,"total":0.65600819999999993,"children":{"RayPerceptionSensor.Perceive":{"count":1416,"self":0.072993,"total":0.072993,"children":null}}},"AgentAct":{"count":1767,"self":0.065001099999999992,"total":0.065001099999999992,"children":null}},"gauges":{},"metadata":{"timer_format_version":"0.1.0","start_time_seconds":"1619051438","unity_version":"2019.4.15f1","command_line_arguments":"C:\\Program Files\\Unity\\Hub\\Editor\\2019.4.15f1\\Editor\\Unity.exe -projectpath E:\/Spring 2021\/Game Dev\/GroupGame -useHub -hubIPC -cloudEnvironment production -hubSessionId 8f76b680-a274-11eb-8be3-116605162522","communication_protocol_version":"1.0.0","com.unity.ml-agents_version":"1.0.7","scene_name":"ZooEnvironment","end_time_seconds":"1619051481"}}