{
    "name": "root",
    "gauges": {
        "Animal.Policy.Entropy.mean": {
            "value": 1.4257525205612183,
            "min": 1.4186794757843018,
            "max": 1.4339714050292969,
            "count": 500
        },
        "Animal.Policy.Entropy.sum": {
            "value": 13824.0966796875,
            "min": 13755.978515625,
            "max": 15217.7607421875,
            "count": 500
        },
        "Animal.Policy.ExtrinsicValueEstimate.mean": {
            "value": 0.5401095151901245,
            "min": -0.4774264097213745,
            "max": 0.6566788554191589,
            "count": 500
        },
        "Animal.Policy.ExtrinsicValueEstimate.sum": {
            "value": 43.208763122558594,
            "min": -38.08306884765625,
            "max": 52.53430938720703,
            "count": 500
        },
        "Animal.Environment.EpisodeLength.mean": {
            "value": 999.0,
            "min": 999.0,
            "max": 999.0,
            "count": 500
        },
        "Animal.Environment.EpisodeLength.sum": {
            "value": 11988.0,
            "min": 5994.0,
            "max": 11988.0,
            "count": 500
        },
        "Animal.Environment.CumulativeReward.mean": {
            "value": 5.392231440792481,
            "min": -4.816666675110658,
            "max": 8.17543751761938,
            "count": 500
        },
        "Animal.Environment.CumulativeReward.sum": {
            "value": 64.70677728950977,
            "min": -57.800000101327896,
            "max": 98.10525021143258,
            "count": 500
        },
        "Animal.Policy.ExtrinsicReward.mean": {
            "value": 5.392231440792481,
            "min": -4.816666675110658,
            "max": 8.17543751761938,
            "count": 500
        },
        "Animal.Policy.ExtrinsicReward.sum": {
            "value": 64.70677728950977,
            "min": -57.800000101327896,
            "max": 98.10525021143258,
            "count": 500
        },
        "Animal.IsTraining.mean": {
            "value": 1.0,
            "min": 1.0,
            "max": 1.0,
            "count": 500
        },
        "Animal.IsTraining.sum": {
            "value": 1.0,
            "min": 1.0,
            "max": 1.0,
            "count": 500
        },
        "Animal.Losses.PolicyLoss.mean": {
            "value": 0.017233663574249172,
            "min": 0.010585188446566463,
            "max": 0.023301768908277155,
            "count": 238
        },
        "Animal.Losses.PolicyLoss.sum": {
            "value": 0.017233663574249172,
            "min": 0.010585188446566463,
            "max": 0.023301768908277155,
            "count": 238
        },
        "Animal.Losses.ValueLoss.mean": {
            "value": 0.026549533382058142,
            "min": 0.0034788090037181974,
            "max": 0.057820810750126836,
            "count": 238
        },
        "Animal.Losses.ValueLoss.sum": {
            "value": 0.026549533382058142,
            "min": 0.0034788090037181974,
            "max": 0.057820810750126836,
            "count": 238
        },
        "Animal.Policy.LearningRate.mean": {
            "value": 1.2009995999998678e-07,
            "min": 1.2009995999998678e-07,
            "max": 0.00029873568042143995,
            "count": 238
        },
        "Animal.Policy.LearningRate.sum": {
            "value": 1.2009995999998678e-07,
            "min": 1.2009995999998678e-07,
            "max": 0.00029873568042143995,
            "count": 238
        },
        "Animal.Policy.Epsilon.mean": {
            "value": 0.10003999999999998,
            "min": 0.10003999999999998,
            "max": 0.19957856000000002,
            "count": 238
        },
        "Animal.Policy.Epsilon.sum": {
            "value": 0.10003999999999998,
            "min": 0.10003999999999998,
            "max": 0.19957856000000002,
            "count": 238
        },
        "Animal.Policy.Beta.mean": {
            "value": 1.1995999999999785e-05,
            "min": 1.1995999999999785e-05,
            "max": 0.004978970144000001,
            "count": 238
        },
        "Animal.Policy.Beta.sum": {
            "value": 1.1995999999999785e-05,
            "min": 1.1995999999999785e-05,
            "max": 0.004978970144000001,
            "count": 238
        }
    },
    "metadata": {
        "timer_format_version": "0.1.0",
        "start_time_seconds": "1618747948",
        "python_version": "3.9.0 (tags/v3.9.0:9cf6752, Oct  5 2020, 15:34:40) [MSC v.1927 64 bit (AMD64)]",
        "command_line_arguments": "C:\\Users\\chadf\\AppData\\Local\\Programs\\Python\\Python39\\Scripts\\mlagents-learn ./trainer_config_upgrade.yaml --run-id badBerry",
        "mlagents_version": "0.25.0",
        "mlagents_envs_version": "0.25.0",
        "communication_protocol_version": "1.5.0",
        "pytorch_version": "1.8.1+cpu",
        "numpy_version": "1.19.2",
        "end_time_seconds": "1618768486"
    },
    "total": 20538.1199525,
    "count": 1,
    "self": 0.014631699999881675,
    "children": {
        "run_training.setup": {
            "total": 0.1944030000000001,
            "count": 1,
            "self": 0.1944030000000001
        },
        "TrainerController.start_learning": {
            "total": 20537.9109178,
            "count": 1,
            "self": 19.933114199455304,
            "children": {
                "TrainerController._reset_env": {
                    "total": 13.346342700000001,
                    "count": 1,
                    "self": 13.346342700000001
                },
                "TrainerController.advance": {
                    "total": 20504.495326900545,
                    "count": 833388,
                    "self": 9.638074900140055,
                    "children": {
                        "env_step": {
                            "total": 20494.857252000405,
                            "count": 833388,
                            "self": 18972.011640799996,
                            "children": {
                                "SubprocessEnvManager._take_step": {
                                    "total": 1512.7499904003566,
                                    "count": 833388,
                                    "self": 45.39897670208484,
                                    "children": {
                                        "TorchPolicy.evaluate": {
                                            "total": 1467.3510136982718,
                                            "count": 833388,
                                            "self": 254.30456729808475,
                                            "children": {
                                                "TorchPolicy.sample_actions": {
                                                    "total": 1213.046446400187,
                                                    "count": 833388,
                                                    "self": 1213.046446400187
                                                }
                                            }
                                        }
                                    }
                                },
                                "workers": {
                                    "total": 10.09562080005196,
                                    "count": 833388,
                                    "self": 0.0,
                                    "children": {
                                        "worker_root": {
                                            "total": 20500.15084259942,
                                            "count": 833388,
                                            "is_parallel": true,
                                            "self": 2719.5399111995393,
                                            "children": {
                                                "steps_from_proto": {
                                                    "total": 0.004562500000000469,