{
    "name": "root",
    "gauges": {
        "Animal.Policy.Entropy.mean": {
            "value": 1.4189382791519165,
            "min": 1.4189382791519165,
            "max": 1.4189382791519165,
            "count": 1
        },
        "Animal.Policy.Entropy.sum": {
            "value": 15264.9384765625,
            "min": 15264.9384765625,
            "max": 15264.9384765625,
            "count": 1
        },
        "Animal.Policy.ExtrinsicValueEstimate.mean": {
            "value": -0.092868372797966,
            "min": -0.092868372797966,
            "max": -0.092868372797966,
            "count": 1
        },
        "Animal.Policy.ExtrinsicValueEstimate.sum": {
            "value": -7.243732929229736,
            "min": -7.243732929229736,
            "max": -7.243732929229736,
            "count": 1
        },
        "Animal.IsTraining.mean": {
            "value": 1.0,
            "min": 1.0,
            "max": 1.0,
            "count": 1
        },
        "Animal.IsTraining.sum": {
            "value": 1.0,
            "min": 1.0,
            "max": 1.0,
            "count": 1
        }
    },
    "metadata": {
        "timer_format_version": "0.1.0",
        "start_time_seconds": "1618345840",
        "python_version": "3.9.0 (tags/v3.9.0:9cf6752, Oct  5 2020, 15:34:40) [MSC v.1927 64 bit (AMD64)]",
        "command_line_arguments": "C:\\Users\\chadf\\AppData\\Local\\Programs\\Python\\Python39\\Scripts\\mlagents-learn ./trainer_config_upgrade.yaml --run-id lion2",
        "mlagents_version": "0.25.0",
        "mlagents_envs_version": "0.25.0",
        "communication_protocol_version": "1.5.0",
        "pytorch_version": "1.8.1+cpu",
        "numpy_version": "1.19.2",
        "end_time_seconds": "1618345982"
    },
    "total": 141.45702550000001,
    "count": 1,
    "self": 0.007017600000011726,
    "children": {
        "run_training.setup": {
            "total": 0.18810349999999998,
            "count": 1,
            "self": 0.18810349999999998
        },
        "TrainerController.start_learning": {
            "total": 141.2619044,
            "count": 1,
            "self": 0.0542184000000816,
            "children": {
                "TrainerController._reset_env": {
                    "total": 32.4200075,
                    "count": 1,
                    "self": 32.4200075
                },
                "TrainerController.advance": {
                    "total": 108.59818489999992,
                    "count": 1797,
                    "self": 0.02142419999999845,
                    "children": {
                        "env_step": {
                            "total": 108.57676069999992,
                            "count": 1797,
                            "self": 106.81575339999961,
                            "children": {
                                "SubprocessEnvManager._take_step": {
                                    "total": 1.739728200000144,
                                    "count": 1797,
                                    "self": 0.10973190000022726,
                                    "children": {
                                        "TorchPolicy.evaluate": {
                                            "total": 1.6299962999999167,
                                            "count": 1797,
                                            "self": 0.343774199999757,
                                            "children": {
                                                "TorchPolicy.sample_actions": {
                                                    "total": 1.2862221000001597,
                                                    "count": 1797,
                                                    "self": 1.2862221000001597
                                                }
                                            }
                                        }
                                    }
                                },
                                "workers": {
                                    "total": 0.021279100000171525,
                                    "count": 1796,
                                    "self": 0.0,
                                    "children": {
                                        "worker_root": {
                                            "total": 108.45851170000003,
                                            "count": 1796,
                                            "is_parallel": true,
                                            "self": 86.48803739999988,
                                            "children": {
                                                "steps_from_proto": {
                                                    "total": 0.0005392999999997983,
                                                    "count": 1,
                                                    "is_parallel": true,
                                                    "self": 0.00011160000000387527,
                                                    "children": {
                                                        "_process_rank_one_or_two_observation": {
                                                            "total": 0.000427699999995923,
                                                            "count": 4,
                                                            "is_parallel": true,
                                                            "self": 0.000427699999995923
                                                        }
                                                    }
                                                },
                                                "UnityEnvironment.step": {
                                                    "total": 21.96993500000014,
                                                    "count": 1796,
                                                    "is_parallel": true,
                                                    "self": 0.13120199999993787,
                                                    "children": {
                                                        "UnityEnvironment._generate_step_input": {
                                                            "total": 0.6283975000000765,
                                                            "count": 1796,
                                                            "is_parallel": true,
                                                            "self": 0.6283975000000765
                                                        },
                                                        "communicator.exchange": {
                                                            "total": 20.58751520000022,
                                                            "count": 1796,
                                                            "is_parallel": true,
                                                            "self": 20.58751520000022
                                                        },
                                                        "steps_from_proto": {
                                                            "total": 0.6228202999999084,
                                                            "count": 1796,
                                                            "is_parallel": true,
                                                            "self": 0.18621329999982805,
                                                            "children": {
                                                                "_process_rank_one_or_two_observation": {
                                                                    "total": 0.43660700000008035,
                                                                    "count": 7184,
                                                                    "is_parallel": true,